Country Name,PrivateCreditorsDebtPercentage
Angola,62.03869351280873
Dominican Republic,58.182055054617685
Lebanon,46.76181600455465
South Africa,46.623296864534886
Cote d'Ivoire,46.4406901390335
